<?xml version="1.0" encoding="UTF-8"?>

<features name="odl-openflowjava-0.6.0-SNAPSHOT" xmlns="http://karaf.apache.org/xmlns/features/v1.2.0"
   xmlns:xsi="http://www.w3.org/2001/XMLSchema-instance"
   xsi:schemaLocation="http://karaf.apache.org/xmlns/features/v1.2.0 http://karaf.apache.org/xmlns/features/v1.2.0">
    <repository>mvn:org.opendaylight.yangtools/features-yangtools/0.7.0-SNAPSHOT/xml/features</repository>
    <repository>mvn:org.opendaylight.controller/features-config/0.3.0-SNAPSHOT/xml/features</repository>
    <repository>mvn:org.opendaylight.controller/features-mdsal/1.2.0-SNAPSHOT/xml/features</repository>
    <feature name='odl-openflowjava-all' description="OpenDaylight :: Openflow Java :: All">
        <feature version='0.6.0-SNAPSHOT'>odl-openflowjava-protocol</feature>
    </feature>
    <feature name='odl-openflowjava-protocol' version='0.6.0-SNAPSHOT' description="OpenDaylight :: Openflow Java :: Protocol">
        <feature version='0.7.0-SNAPSHOT'>odl-yangtools-common</feature>
        <feature version='0.7.0-SNAPSHOT'>odl-yangtools-binding</feature>
        <feature version='0.7.0-SNAPSHOT'>odl-yangtools-models</feature>
        <feature version='0.3.0-SNAPSHOT'>odl-config-api</feature>
        <feature version='1.2.0-SNAPSHOT'>odl-mdsal-common</feature>
        <bundle>mvn:io.netty/netty-buffer/4.0.23.Final</bundle>
        <bundle>mvn:io.netty/netty-common/4.0.23.Final</bundle>
        <bundle>mvn:io.netty/netty-transport/4.0.23.Final</bundle>
        <bundle>mvn:io.netty/netty-codec/4.0.23.Final</bundle>
        <bundle>mvn:io.netty/netty-handler/4.0.23.Final</bundle>
        <bundle>mvn:org.opendaylight.openflowjava/openflow-protocol-api/0.6.0-SNAPSHOT</bundle>
        <bundle>mvn:org.opendaylight.openflowjava/openflow-protocol-spi/0.6.0-SNAPSHOT</bundle>
        <bundle>mvn:org.opendaylight.openflowjava/openflow-protocol-impl/0.6.0-SNAPSHOT</bundle>
        <bundle>mvn:org.opendaylight.openflowjava/util/0.6.0-SNAPSHOT</bundle>
    </feature>
    <feature name='odl-openflowjava-stats' description="OpenDaylight :: Openflow Java :: Stats">
        <feature version='0.6.0-SNAPSHOT'>odl-openflowjava-protocol</feature>
        <configfile finalname="etc/opendaylight/karaf/45-openflowjava-stats.xml">mvn:org.opendaylight.openflowjava/openflowjava-config/0.6.0-SNAPSHOT/xml/configstats</configfile>
    </feature>
</features>
