<?xml version="1.0" encoding="UTF-8"?>
<metadata modelVersion="1.1.0">
  <groupId>org.opendaylight.controller</groupId>
  <artifactId>features-mdsal</artifactId>
  <version>1.2.0-SNAPSHOT</version>
  <versioning>
    <snapshot>
      <localCopy>true</localCopy>
    </snapshot>
    <lastUpdated>20150129140908</lastUpdated>
    <snapshotVersions>
      <snapshotVersion>
        <classifier>features</classifier>
        <extension>xml</extension>
        <value>1.2.0-SNAPSHOT</value>
        <updated>20150129140908</updated>
      </snapshotVersion>
    </snapshotVersions>
  </versioning>
</metadata>
