<?xml version="1.0" encoding="UTF-8"?>

<features name="openflowplugin-0.1.0-SNAPSHOT" xmlns="http://karaf.apache.org/xmlns/features/v1.2.0"
   xmlns:xsi="http://www.w3.org/2001/XMLSchema-instance"
   xsi:schemaLocation="http://karaf.apache.org/xmlns/features/v1.2.0 http://karaf.apache.org/xmlns/features/v1.2.0">
    <repository>mvn:org.opendaylight.controller/features-mdsal/1.2.0-SNAPSHOT/xml/features</repository>
    <repository>mvn:org.opendaylight.controller/features-restconf/1.2.0-SNAPSHOT/xml/features</repository>
    <repository>mvn:org.opendaylight.controller/features-flow/1.2.0-SNAPSHOT/xml/features</repository>
    <repository>mvn:org.opendaylight.openflowjava/features-openflowjava/0.6.0-SNAPSHOT/xml/features</repository>
    <repository>mvn:org.opendaylight.dlux/features-dlux/0.2.0-SNAPSHOT/xml/features</repository>

    <feature name='odl-openflowplugin-all' description="OpenDaylight :: Openflow Plugin :: All" version='0.1.0-SNAPSHOT'>
        <feature version="0.1.0-SNAPSHOT">odl-openflowplugin-southbound</feature>
        <feature version="0.1.0-SNAPSHOT">odl-openflowplugin-flow-services</feature>
        <feature version="0.1.0-SNAPSHOT">odl-openflowplugin-flow-services-rest</feature>
        <feature version="0.1.0-SNAPSHOT">odl-openflowplugin-flow-services-ui</feature>
    </feature>

    <feature name='odl-openflowplugin-southbound' description="OpenDaylight :: Openflow Plugin :: SouthBound" version='0.1.0-SNAPSHOT'>
        <feature version="1.2.0-SNAPSHOT">odl-mdsal-broker</feature>
        <feature version="1.2.0-SNAPSHOT">odl-flow-model</feature>
        <feature version="0.6.0-SNAPSHOT">odl-openflowjava-protocol</feature>
        <bundle>mvn:org.opendaylight.openflowplugin/openflowplugin/0.1.0-SNAPSHOT</bundle>
        <bundle>mvn:org.opendaylight.openflowplugin/openflowplugin-api/0.1.0-SNAPSHOT</bundle>
        <bundle>mvn:org.opendaylight.openflowplugin/openflowplugin-extension-api/0.1.0-SNAPSHOT</bundle>
        <bundle>mvn:org.opendaylight.controller/liblldp/0.9.0-SNAPSHOT</bundle>
        <configfile finalname="etc/opendaylight/karaf/42-openflowplugin.xml">mvn:org.opendaylight.openflowplugin/openflowplugin-controller-config/0.1.0-SNAPSHOT/xml/config</configfile>
        <configfile finalname="etc/opendaylight/karaf/43-msg-spy.xml">mvn:org.opendaylight.openflowplugin/openflowplugin-controller-config/0.1.0-SNAPSHOT/xml/configmsgspy</configfile>
    </feature>
    <feature name='odl-openflowplugin-flow-services' description="OpenDaylight :: Openflow Plugin :: Flow Services" version='0.1.0-SNAPSHOT'>
        <feature version="1.2.0-SNAPSHOT">odl-flow-services</feature>
        <feature version="0.1.0-SNAPSHOT">odl-openflowplugin-southbound</feature>
        <feature version="0.1.0-SNAPSHOT">odl-openflowplugin-app-config-pusher</feature>
        <feature version="0.1.0-SNAPSHOT">odl-openflowplugin-app-lldp-speaker</feature>
    </feature>
    <feature name='odl-openflowplugin-flow-services-rest' description="OpenDaylight :: Openflow Plugin :: Flow Services :: REST" version='0.1.0-SNAPSHOT'>
        <feature version="0.1.0-SNAPSHOT">odl-openflowplugin-flow-services</feature>
        <feature version="1.2.0-SNAPSHOT">odl-restconf</feature>
    </feature>
    <feature name='odl-openflowplugin-flow-services-ui' description="OpenDaylight :: Openflow Plugin :: Flow Services :: UI" version='0.1.0-SNAPSHOT'>
        <feature version="0.1.0-SNAPSHOT">odl-openflowplugin-flow-services-rest</feature>
        <feature version="0.2.0-SNAPSHOT">odl-dlux-core</feature>
        <feature version="1.2.0-SNAPSHOT">odl-mdsal-apidocs</feature>
        <feature version="1.2.0-SNAPSHOT">odl-mdsal-xsql</feature>
    </feature>
    
    <!-- CBENCH TESTING -->
    <feature name='odl-openflowplugin-drop-test' description="OpenDaylight :: Openflow Plugin :: Drop Test" version='0.1.0-SNAPSHOT'>
        <feature version="0.1.0-SNAPSHOT">odl-openflowplugin-flow-services</feature>
        <bundle>mvn:org.opendaylight.openflowplugin/test-common/0.1.0-SNAPSHOT</bundle>
        <bundle>mvn:org.opendaylight.openflowplugin/drop-test-karaf/0.1.0-SNAPSHOT</bundle>
    </feature>

    <!-- APPLICATIONS -->
    <feature name='odl-openflowplugin-app-table-miss-enforcer' description="OpenDaylight :: Openflow Plugin :: Application - table-miss-enforcer" version='0.1.0-SNAPSHOT'>
        <feature version="0.1.0-SNAPSHOT">odl-openflowplugin-southbound</feature>
        <bundle>mvn:org.opendaylight.openflowplugin.applications/table-miss-enforcer/0.1.0-SNAPSHOT</bundle>
        <configfile finalname="etc/opendaylight/karaf/69-table-miss-enforcer.xml">mvn:org.opendaylight.openflowplugin.applications/table-miss-enforcer/0.1.0-SNAPSHOT/xml/config</configfile>
    </feature>
    <feature name='odl-openflowplugin-app-config-pusher' description="OpenDaylight :: Openflow Plugin :: app - default config-pusher" version='0.1.0-SNAPSHOT'>
        <feature version="0.1.0-SNAPSHOT">odl-openflowplugin-southbound</feature>
        <bundle>mvn:org.opendaylight.openflowplugin.applications/of-switch-config-pusher/0.1.0-SNAPSHOT</bundle>
        <configfile finalname="etc/opendaylight/karaf/70-of-switch-config-pusher.xml">mvn:org.opendaylight.openflowplugin.applications/of-switch-config-pusher/0.1.0-SNAPSHOT/xml/config</configfile>
    </feature>
    <feature name='odl-openflowplugin-app-lldp-speaker' description="OpenDaylight :: Openflow Plugin :: app lldp-speaker" version='0.1.0-SNAPSHOT'>
        <feature version="0.1.0-SNAPSHOT">odl-openflowplugin-southbound</feature>
        <bundle>mvn:org.opendaylight.openflowplugin.applications/lldp-speaker/0.1.0-SNAPSHOT</bundle>
        <configfile finalname="etc/opendaylight/karaf/71-lldp-speaker.xml">mvn:org.opendaylight.openflowplugin.applications/lldp-speaker/0.1.0-SNAPSHOT/xml/config</configfile>
    </feature>

</features>
